Название,Отзыв,Код товара,Цена
Смартфон Samsung Galaxy S21 FE 128GB Violet,00 отзывов,495919,71 490 сом
Смартфон Samsung Galaxy S21 FE 128GB Gray,53 отзывов,495920,71 490 сом
Смартфон Samsung Galaxy S21 FE 128GB White,51 отзывов,495921,71 490 сом
Смартфон Samsung Galaxy S21 FE 128GB Green,00 отзывов,495918,71 490 сом
Смартфон Samsung Galaxy S21 FE 256GB Gray,42 отзывов,495924,79 590 сом
Смартфон Samsung Galaxy Z Flip3 8/128GB Cream,00 отзывов,491943,102 090 сом
Смартфон Samsung Galaxy Z Flip3 8/128GB Black,41 отзывов,491945,102 090 сом
Смартфон Samsung Galaxy Z Flip3 8/256GB Black,41 отзывов,491949,112 290 сом
Смартфон Samsung Galaxy Z Fold3 12/256GB Green,51 отзывов,491950,163 290 сом
Смартфон Samsung Galaxy Z Fold3 12/256GB Black,51 отзывов,491951,163 290 сом
Смартфон Samsung Galaxy Z Fold3 12/256GB Silver,00 отзывов,491952,163 290 сом
Смартфон Samsung Galaxy Z Fold3 12/512GB Green,00 отзывов,491953,183 690 сом
Смартфон Samsung Galaxy Z Fold3 12/512GB Black,41 отзывов,491954,183 690 сом
Смартфон Samsung Galaxy Z Fold3 12/512GB Silver,00 отзывов,491955,183 690 сом
Смартфон Samsung Galaxy Z Flip3 NEW 8/128GB Violet,00 отзывов,494342,102 090 сом
Смартфон Samsung Galaxy Z Flip3 NEW 8/128GB Green,00 отзывов,494344,102 090 сом
Смартфон Samsung Galaxy Z Flip3 NEW 8/256GB Violet,00 отзывов,494346,112 290 сом
Смартфон Samsung Galaxy Z Flip3 NEW 8/256GB Beige,00 отзывов,494347,112 290 сом
Смартфон Samsung Galaxy Z Flip3 NEW 8/256GB Green,00 отзывов,494348,112 290 сом
Смартфон ОРРО Reno5 Fantasy Silver,56 отзывов,487644,40 890 сом
Смартфон ОРРО Reno5 Starry Black,59 отзывов,487643,40 890 сом
Смартфон HUAWEI P40 Lite Midnight Black,542 отзывов,459926,28 690 сом
Смартфон HUAWEI P40 Lite E Midnight Black,523 отзывов,459929,19 890 сом
Смартфон Samsung Galaxy S20 Ultra Gray,526 отзывов,440300,106 590 сом
Смартфон Samsung Galaxy S20 Blue,516 отзывов,440293,78 990 сом
Смартфон HUAWEI P Smart 2019 Midnight Black,537 отзывов,87278,17 690 сом
Смартфон HUAWEI Y6 2019 32GB Midnight Black,524 отзывов,191137,11 090 сом
Смартфон HUAWEI Y7 2019 32GB Midnight Black,520 отзывов,191145,15 490 сом
Смартфон HUAWEI P30 Lite 128GB Midnight Black,524 отзывов,293640,24 290 сом
Смартфон Samsung Galaxy S20 Red,57 отзывов,440295,78 990 сом
Смартфон Samsung Galaxy A52 4/128GB Awesome Violet,54 отзывов,487335,34 690 сом
